Iteration,Elapsed Time,Discriminator Loss,Value Loss,Policy Loss,Edit Distance,Best Edit Distance
10,996.6356470584869,1.3880287408828735,943.2908823490143,-1.0490936003625393,0.9951572044480442,0.9951572044480442
